"","category","subcategory","ID","Description","GeneRatio","BgRatio","pvalue","p.adjust","qvalue","geneID","Count"
"mmu04360","Organismal Systems","Development and regeneration","mmu04360","Axon guidance - Mus musculus (house mouse)","12/200","181/9569",0.000404973237414856,0.104078122015618,0.104078122015618,"13838/241568/22065/12540/13846/17973/54712/19206/22418/13640/245857/20562",12
"mmu00562","Metabolism","Carbohydrate metabolism","mmu00562","Inositol phosphate metabolism - Mus musculus (house mouse)","5/200","72/9569",0.0171416933338598,0.87955799910951,0.87955799910951,"16331/18705/18799/117150/72469",5
"mmu05414","Human Diseases","Cardiovascular disease","mmu05414","Dilated cardiomyopathy - Mus musculus (house mouse)","6/200","103/9569",0.020736026857047,0.87955799910951,0.87955799910951,"14683/319480/104099/12294/12289/11554",6
"mmu04721","Organismal Systems","Nervous system","mmu04721","Synaptic vesicle cycle - Mus musculus (house mouse)","5/200","77/9569",0.0222814478574208,0.87955799910951,0.87955799910951,"108664/12287/13852/208898/18195",5
"mmu04530","Cellular Processes","Cellular community - eukaryotes","mmu04530","Tight junction - Mus musculus (house mouse)","8/200","170/9569",0.0261684003478554,0.87955799910951,0.87955799910951,"76089/12540/108099/109711/12289/17886/13383/21844",8
"mmu04724","Organismal Systems","Nervous system","mmu04724","Glutamatergic synapse - Mus musculus (house mouse)","6/200","116/9569",0.0345471855880334,0.87955799910951,0.87955799910951,"14683/14807/26557/12289/58234/105727",6
"mmu04970","Organismal Systems","Digestive system","mmu04970","Salivary secretion - Mus musculus (house mouse)","5/200","87/9569",0.035331747430437,0.87955799910951,0.87955799910951,"14683/11941/16534/76113/11554",5
"mmu04015","Environmental Information Processing","Signal transduction","mmu04015","Rap1 signaling pathway - Mus musculus (house mouse)","9/200","214/9569",0.0355741159871203,0.87955799910951,0.87955799910951,"56508/14683/76089/12540/14177/217944/21844/13640/20469",9
"mmu04260","Organismal Systems","Circulatory system","mmu04260","Cardiac muscle contraction - Mus musculus (house mouse)","5/200","89/9569",0.0384062226058978,0.87955799910951,0.87955799910951,"12859/66152/12867/12294/12289",5
"mmu03030","Genetic Information Processing","Replication and repair","mmu03030","DNA replication - Mus musculus (house mouse)","3/200","36/9569",0.0387534784088386,0.87955799910951,0.87955799910951,"18971/68275/18969",3
"mmu04020","Environmental Information Processing","Signal transduction","mmu04020","Calcium signaling pathway - Mus musculus (house mouse)","10/200","254/9569",0.04047906203125,0.87955799910951,0.87955799910951,"12287/14683/11941/14177/19882/18799/69563/72469/12289/11554",10
"mmu04010","Environmental Information Processing","Signal transduction","mmu04010","MAPK signaling pathway - Mus musculus (house mouse)","11/200","299/9569",0.0490666846730232,0.87955799910951,0.87955799910951,"16177/63953/12287/76089/53608/12540/14177/12294/12289/13640/26403",11
"mmu04070","Environmental Information Processing","Signal transduction","mmu04070","Phosphatidylinositol signaling system - Mus musculus (house mouse)","5/200","96/9569",0.0504253473473218,0.87955799910951,0.87955799910951,"16331/18705/18799/117150/72469",5
"mmu04932","Human Diseases","Endocrine and metabolic disease","mmu04932","Non-alcoholic fatty liver disease - Mus musculus (house mouse)","7/200","162/9569",0.053339364686253,0.87955799910951,0.87955799910951,"12859/12540/108099/13666/66152/12867/26403",7
"mmu04810","Cellular Processes","Cell motility","mmu04810","Regulation of actin cytoskeleton - Mus musculus (house mouse)","9/200","234/9569",0.056882871903466,0.87955799910951,0.87955799910951,"12540/14177/319480/104099/117150/109711/17886/21844/245857",9
"mmu03440","Genetic Information Processing","Replication and repair","mmu03440","Homologous recombination - Mus musculus (house mouse)","3/200","42/9569",0.0569497487064574,0.87955799910951,0.87955799910951,"18971/68275/114714",3
"mmu05410","Human Diseases","Cardiovascular disease","mmu05410","Hypertrophic cardiomyopathy - Mus musculus (house mouse)","5/200","100/9569",0.0581808793185279,0.87955799910951,0.87955799910951,"108099/319480/104099/12294/12289",5
"mmu04962","Organismal Systems","Excretory system","mmu04962","Vasopressin-regulated water reabsorption - Mus musculus (house mouse)","3/200","44/9569",0.0637688804696618,0.904568817407469,0.904568817407469,"14683/234663/18195",3
"mmu00532","Metabolism","Glycan biosynthesis and metabolism","mmu00532","Glycosaminoglycan biosynthesis - chondroitin sulfate / dermatan sulfate - Mus musculus (house mouse)","2/200","21/9569",0.0703944604986357,0.904568817407469,0.904568817407469,"269941/58250",2
"mmu03273",NA,NA,"mmu03273","Virion - Lassa virus and SFTS virus - Mus musculus (house mouse)","2/200","21/9569",0.0703944604986357,0.904568817407469,0.904568817407469,"211712/17886",2
"mmu04974","Organismal Systems","Digestive system","mmu04974","Protein digestion and absorption - Mus musculus (house mouse)","5/200","108/9569",0.0756265754134223,0.925525232440453,0.925525232440454,"12819/16534/245026/12817/215335",5
"mmu03430","Genetic Information Processing","Replication and repair","mmu03430","Mismatch repair - Mus musculus (house mouse)","2/200","23/9569",0.08256185799159,0.939691945989692,0.939691945989692,"18971/68275",2
"mmu04024","Environmental Information Processing","Signal transduction","mmu04024","cAMP signaling pathway - Mus musculus (house mouse)","8/200","224/9569",0.0975894940162855,0.939691945989692,0.939691945989692,"56508/14683/11941/233079/19206/12289/21844/11554",8
"mmu05207","Human Diseases","Cancer: overview","mmu05207","Chemical carcinogenesis - receptor activation - Mus musculus (house mouse)","8/200","228/9569",0.105251536108136,0.939691945989692,0.939691945989692,"12287/14683/211666/14177/387251/12289/12053/11554",8
"mmu04911","Organismal Systems","Endocrine system","mmu04911","Insulin secretion - Mus musculus (house mouse)","4/200","86/9569",0.105367337766413,0.939691945989692,0.939691945989692,"56508/14683/16534/12289",4
"mmu05412","Human Diseases","Cardiovascular disease","mmu05412","Arrhythmogenic right ventricular cardiomyopathy - Mus musculus (house mouse)","4/200","86/9569",0.105367337766413,0.939691945989692,0.939691945989692,"319480/104099/12294/12289",4
"mmu04261","Organismal Systems","Circulatory system","mmu04261","Adrenergic signaling in cardiomyocytes - Mus musculus (house mouse)","6/200","156/9569",0.108548763257799,0.939691945989692,0.939691945989692,"56508/14683/11941/12294/12289/11554",6
"mmu04950","Human Diseases","Endocrine and metabolic disease","mmu04950","Maturity onset diabetes of the young - Mus musculus (house mouse)","2/200","27/9569",0.108586321397562,0.939691945989692,0.939691945989692,"15378/18096",2
"mmu04390","Environmental Information Processing","Signal transduction","mmu04390","Hippo signaling pathway - Mus musculus (house mouse)","6/200","158/9569",0.113513060893296,0.939691945989692,0.939691945989692,"241324/12444/72293/22418/13383/14370",6
"mmu04923","Organismal Systems","Endocrine system","mmu04923","Regulation of lipolysis in adipocytes - Mus musculus (house mouse)","3/200","57/9569",0.116246122029353,0.939691945989692,0.939691945989692,"14683/23945/11554",3
"mmu04727","Organismal Systems","Nervous system","mmu04727","GABAergic synapse - Mus musculus (house mouse)","4/200","90/9569",0.119154955316356,0.939691945989692,0.939691945989692,"12287/18195/12289/105727",4
"mmu03420","Genetic Information Processing","Replication and repair","mmu03420","Nucleotide excision repair - Mus musculus (house mouse)","3/200","58/9569",0.120802838677113,0.939691945989692,0.939691945989692,"231329/18971/68275",3
"mmu04714","Organismal Systems","Environmental adaptation","mmu04714","Thermogenesis - Mus musculus (house mouse)","8/200","238/9569",0.125822154214571,0.939691945989692,0.939691945989692,"12859/14683/108099/23945/66152/74370/214663/12867",8
"mmu04510","Cellular Processes","Cellular community - eukaryotes","mmu04510","Focal adhesion - Mus musculus (house mouse)","7/200","202/9569",0.130661597622066,0.939691945989692,0.939691945989692,"12334/12540/12444/319480/245026/104099/109711",7
"mmu05022","Human Diseases","Neurodegenerative disease","mmu05022","Pathways of neurodegeneration - multiple diseases - Mus musculus (house mouse)","14/200","481/9569",0.131449662079543,0.939691945989692,0.939691945989692,"12859/12334/12287/22065/13666/330355/75669/66152/69926/12867/22418/12289/66725/14370",14
"mmu05165","Human Diseases","Infectious disease: viral","mmu05165","Human papillomavirus infection - Mus musculus (house mouse)","11/200","359/9569",0.131630000216455,0.939691945989692,0.939691945989692,"108664/18128/14683/12540/12444/319480/245026/104099/22418/13383/14370",11
"mmu00983","Metabolism","Xenobiotics biodegradation and metabolism","mmu00983","Drug metabolism - other enzymes - Mus musculus (house mouse)","4/200","95/9569",0.137419488395305,0.95236789557861,0.95236789557861,"211666/12623/22271/17523",4
"mmu04136","Cellular Processes","Transport and catabolism","mmu04136","Autophagy - other - Mus musculus (house mouse)","2/200","32/9569",0.143617162264684,0.95236789557861,0.95236789557861,"75669/74370",2
"mmu05217","Human Diseases","Cancer: specific types","mmu05217","Basal cell carcinoma - Mus musculus (house mouse)","3/200","63/9569",0.144522754581968,0.95236789557861,0.95236789557861,"19206/22418/14370",3
"mmu04310","Environmental Information Processing","Signal transduction","mmu04310","Wnt signaling pathway - Mus musculus (house mouse)","6/200","175/9569",0.160114481646132,0.978887831954293,0.978887831954293,"12444/20377/26564/72293/22418/14370",6
"mmu04550","Cellular Processes","Cellular community - eukaryotes","mmu04550","Signaling pathways regulating pluripotency of stem cells - Mus musculus (house mouse)","5/200","140/9569",0.169274466595124,0.978887831954293,0.978887831954293,"11480/55994/17268/22418/14370",5
"mmu04922","Organismal Systems","Endocrine system","mmu04922","Glucagon signaling pathway - Mus musculus (house mouse)","4/200","104/9569",0.172872924796082,0.978887831954293,0.978887831954293,"14683/18598/108099/19309",4
"mmu05146","Human Diseases","Infectious disease: parasitic","mmu05146","Amoebiasis - Mus musculus (house mouse)","4/200","108/9569",0.189558837060128,0.978887831954293,0.978887831954293,"16177/14683/24088/109711",4
"mmu05010","Human Diseases","Neurodegenerative disease","mmu05010","Alzheimer disease - Mus musculus (house mouse)","11/200","389/9569",0.191158735512672,0.978887831954293,0.978887831954293,"12859/12334/13666/75669/16971/66152/12867/22418/12289/213053/14370",11
"mmu05202","Human Diseases","Cancer: overview","mmu05202","Transcriptional misregulation in cancer - Mus musculus (house mouse)","7/200","226/9569",0.194605512473323,0.978887831954293,0.978887831954293,"19126/12444/17268/17523/58208/110794/12053",7
"mmu04924","Organismal Systems","Endocrine system","mmu04924","Renin secretion - Mus musculus (house mouse)","3/200","76/9569",0.212076788253996,0.978887831954293,0.978887831954293,"14683/12289/11554",3
"mmu04928","Organismal Systems","Endocrine system","mmu04928","Parathyroid hormone synthesis, secretion and action - Mus musculus (house mouse)","4/200","116/9569",0.22434340418146,0.978887831954293,0.978887831954293,"14683/213498/20531/108737",4
"mmu04014","Environmental Information Processing","Signal transduction","mmu04014","Ras signaling pathway - Mus musculus (house mouse)","7/200","236/9569",0.22439961018523,0.978887831954293,0.978887831954293,"12540/14177/217944/85031/21844/320484/13640",7
"mmu04814","Cellular Processes","Cell motility","mmu04814","Motor proteins - Mus musculus (house mouse)","6/200","198/9569",0.233857708703422,0.978887831954293,0.978887831954293,"330355/234663/71602/360013/69926/17886",6
"mmu00620","Metabolism","Carbohydrate metabolism","mmu00620","Pyruvate metabolism - Mus musculus (house mouse)","2/200","44/9569",0.23429526642771,0.978887831954293,0.978887831954293,"18598/52815",2
"mmu04150","Environmental Information Processing","Signal transduction","mmu04150","mTOR signaling pathway - Mus musculus (house mouse)","5/200","158/9569",0.235368984705073,0.978887831954293,0.978887831954293,"108664/14783/74370/22418/14370",5
"mmu04670","Organismal Systems","Immune system","mmu04670","Leukocyte transendothelial migration - Mus musculus (house mouse)","4/200","119/9569",0.237798225185526,0.978887831954293,0.978887831954293,"56508/12540/109711/20469",4
"mmu05205","Human Diseases","Cancer: overview","mmu05205","Proteoglycans in cancer - Mus musculus (house mouse)","6/200","204/9569",0.254663133796071,0.978887831954293,0.978887831954293,"24088/12540/19206/22418/21844/14370",6
"mmu03410","Genetic Information Processing","Replication and repair","mmu03410","Base excision repair - Mus musculus (house mouse)","2/200","47/9569",0.257625314016358,0.978887831954293,0.978887831954293,"70603/18971",2
"mmu04930","Human Diseases","Endocrine and metabolic disease","mmu04930","Type II diabetes mellitus - Mus musculus (house mouse)","2/200","48/9569",0.265414650594384,0.978887831954293,0.978887831954293,"12287/12289",2
"mmu04140","Cellular Processes","Transport and catabolism","mmu04140","Autophagy - animal - Mus musculus (house mouse)","5/200","167/9569",0.27082597937931,0.978887831954293,0.978887831954293,"228545/13666/75669/74370/100502841",5
"mmu04973","Organismal Systems","Digestive system","mmu04973","Carbohydrate digestion and absorption - Mus musculus (house mouse)","2/200","49/9569",0.273204283088764,0.978887831954293,0.978887831954293,"56485/12289",2
"mmu04979","Organismal Systems","Digestive system","mmu04979","Cholesterol metabolism - Mus musculus (house mouse)","2/200","50/9569",0.280990813094712,0.978887831954293,0.978887831954293,"11813/16971",2
"mmu03320","Organismal Systems","Endocrine system","mmu03320","PPAR signaling pathway - Mus musculus (house mouse)","3/200","89/9569",0.284923211784872,0.978887831954293,0.978887831954293,"20280/26457/20411",3
"mmu04512","Environmental Information Processing","Signaling molecules and interaction","mmu04512","ECM-receptor interaction - Mus musculus (house mouse)","3/200","89/9569",0.284923211784872,0.978887831954293,0.978887831954293,"319480/245026/104099",3
"mmu04912","Organismal Systems","Endocrine system","mmu04912","GnRH signaling pathway - Mus musculus (house mouse)","3/200","90/9569",0.290639358559648,0.978887831954293,0.978887831954293,"14683/12540/12289",3
"mmu00380","Metabolism","Amino acid metabolism","mmu00380","Tryptophan metabolism - Mus musculus (house mouse)","2/200","52/9569",0.296541670360837,0.978887831954293,0.978887831954293,"266645/15107",2
"mmu03460","Genetic Information Processing","Replication and repair","mmu03460","Fanconi anemia pathway - Mus musculus (house mouse)","2/200","52/9569",0.296541670360837,0.978887831954293,0.978887831954293,"68275/114714",2
"mmu05206","Human Diseases","Cancer: overview","mmu05206","MicroRNAs in cancer - Mus musculus (house mouse)","8/200","303/9569",0.300329535772116,0.978887831954293,0.978887831954293,"18128/723848/12444/636931/387218/387251/74370/13640",8
"mmu00450","Metabolism","Metabolism of other amino acids","mmu00450","Selenocompound metabolism - Mus musculus (house mouse)","1/200","17/9569",0.301893441672082,0.978887831954293,0.978887831954293,"50880",1
"mmu04520","Cellular Processes","Cellular community - eukaryotes","mmu04520","Adherens junction - Mus musculus (house mouse)","3/200","92/9569",0.302095465345738,0.978887831954293,0.978887831954293,"12540/109711/20411",3
"mmu04068","Environmental Information Processing","Signal transduction","mmu04068","FoxO signaling pathway - Mus musculus (house mouse)","4/200","133/9569",0.302662157160294,0.978887831954293,0.978887831954293,"108099/12444/26557/12053",4
"mmu04080","Environmental Information Processing","Signaling molecules and interaction","mmu04080","Neuroactive ligand-receptor interaction - Mus musculus (house mouse)","10/200","392/9569",0.304261875532364,0.978887831954293,0.978887831954293,"70804/14807/243407/16336/216749/14803/14429/207911/225642/11554",10
"mmu00230","Metabolism","Nucleotide metabolism","mmu00230","Purine metabolism - Mus musculus (house mouse)","4/200","134/9569",0.307387165869025,0.978887831954293,0.978887831954293,"22262/231327/75456/18585",4
"mmu04610","Organismal Systems","Immune system","mmu04610","Complement and coagulation cascades - Mus musculus (house mouse)","3/200","94/9569",0.313573908334091,0.978887831954293,0.978887831954293,"12509/12759/12268",3
"mmu04640","Organismal Systems","Immune system","mmu04640","Hematopoietic cell lineage - Mus musculus (house mouse)","3/200","94/9569",0.313573908334091,0.978887831954293,0.978887831954293,"16177/12509/12507",3
"mmu05016","Human Diseases","Neurodegenerative disease","mmu05016","Huntington disease - Mus musculus (house mouse)","8/200","308/9569",0.315818079488326,0.978887831954293,0.978887831954293,"12859/12287/231329/330355/75669/66152/69926/12867",8
"mmu00120","Metabolism","Lipid metabolism","mmu00120","Primary bile acid biosynthesis - Mus musculus (house mouse)","1/200","18/9569",0.31651041316136,0.978887831954293,0.978887831954293,"20280",1
"mmu04514","Environmental Information Processing","Signaling molecules and interaction","mmu04514","Cell adhesion molecules - Mus musculus (house mouse)","5/200","179/9569",0.319692418860379,0.978887831954293,0.978887831954293,"241568/320840/12560/104099/75409",5
"mmu04978","Organismal Systems","Digestive system","mmu04978","Mineral absorption - Mus musculus (house mouse)","2/200","55/9569",0.319767579400642,0.978887831954293,0.978887831954293,"20531/11941",2
"mmu00240","Metabolism","Nucleotide metabolism","mmu00240","Pyrimidine metabolism - Mus musculus (house mouse)","2/200","56/9569",0.32747170075012,0.978887831954293,0.978887831954293,"22271/22169",2
"mmu00785","Metabolism","Metabolism of cofactors and vitamins","mmu00785","Lipoic acid metabolism - Mus musculus (house mouse)","1/200","19/9569",0.330822832527681,0.978887831954293,0.978887831954293,"18598",1
"mmu04910","Organismal Systems","Endocrine system","mmu04910","Insulin signaling pathway - Mus musculus (house mouse)","4/200","140/9569",0.335873303842499,0.978887831954293,0.978887831954293,"108099/74370/19309/20411",4
"mmu00190","Metabolism","Energy metabolism","mmu00190","Oxidative phosphorylation - Mus musculus (house mouse)","4/200","141/9569",0.34063639167389,0.978887831954293,0.978887831954293,"108664/12859/66152/12867",4
"mmu04340","Environmental Information Processing","Signal transduction","mmu04340","Hedgehog signaling pathway - Mus musculus (house mouse)","2/200","58/9569",0.342807980607146,0.978887831954293,0.978887831954293,"12444/19206",2
"mmu05020","Human Diseases","Neurodegenerative disease","mmu05020","Prion disease - Mus musculus (house mouse)","7/200","273/9569",0.345323508417807,0.978887831954293,0.978887831954293,"12859/12287/18128/13666/66152/12867/12289",7
"mmu04916","Organismal Systems","Endocrine system","mmu04916","Melanogenesis - Mus musculus (house mouse)","3/200","100/9569",0.348036095991703,0.978887831954293,0.978887831954293,"14683/22418/14370",3
"mmu05012","Human Diseases","Neurodegenerative disease","mmu05012","Parkinson disease - Mus musculus (house mouse)","7/200","274/9569",0.3487380540866,0.978887831954293,0.978887831954293,"12859/14683/13666/66152/12867/213053/66725",7
"mmu04933","Human Diseases","Endocrine and metabolic disease","mmu04933","AGE-RAGE signaling pathway in diabetic complications - Mus musculus (house mouse)","3/200","101/9569",0.353770414533631,0.978887831954293,0.978887831954293,"12540/18799/72469",3
"mmu04270","Organismal Systems","Circulatory system","mmu04270","Vascular smooth muscle contraction - Mus musculus (house mouse)","4/200","144/9569",0.354936940920997,0.978887831954293,0.978887831954293,"14683/213498/12289/17886",4
"mmu05134","Human Diseases","Infectious disease: bacterial","mmu05134","Legionellosis - Mus musculus (house mouse)","2/200","60/9569",0.358032923406878,0.978887831954293,0.978887831954293,"24088/17951",2
"mmu04151","Environmental Information Processing","Signal transduction","mmu04151","PI3K-Akt signaling pathway - Mus musculus (house mouse)","9/200","367/9569",0.360102829744867,0.978887831954293,0.978887831954293,"98432/24088/14177/12444/319480/245026/104099/74370/13640",9
"mmu04925","Organismal Systems","Endocrine system","mmu04925","Aldosterone synthesis and secretion - Mus musculus (house mouse)","3/200","103/9569",0.365220274284622,0.978887831954293,0.978887831954293,"14683/11941/12289",3
"mmu04213","Organismal Systems","Aging","mmu04213","Longevity regulating pathway - multiple species - Mus musculus (house mouse)","2/200","61/9569",0.365598269161242,0.978887831954293,0.978887831954293,"108099/74370",2
"mmu04961","Organismal Systems","Excretory system","mmu04961","Endocrine and other factor-regulated calcium reabsorption - Mus musculus (house mouse)","2/200","61/9569",0.365598269161242,0.978887831954293,0.978887831954293,"14683/11941",2
"mmu05224","Human Diseases","Cancer: specific types","mmu05224","Breast cancer - Mus musculus (house mouse)","4/200","147/9569",0.369239195806054,0.978887831954293,0.978887831954293,"18128/14177/22418/14370",4
"mmu01212","Metabolism","Global and overview maps","mmu01212","Fatty acid metabolism - Mus musculus (house mouse)","2/200","62/9569",0.373129533197423,0.978887831954293,0.978887831954293,"15107/20280",2
"mmu03250","Genetic Information Processing","Information processing in viruses","mmu03250","Viral life cycle - HIV-1 - Mus musculus (house mouse)","2/200","63/9569",0.380624837414323,0.978887831954293,0.978887831954293,"18550/17755",2
"mmu04929","Organismal Systems","Endocrine system","mmu04929","GnRH secretion - Mus musculus (house mouse)","2/200","63/9569",0.380624837414323,0.978887831954293,0.978887831954293,"16534/12289",2
"mmu04921","Organismal Systems","Endocrine system","mmu04921","Oxytocin signaling pathway - Mus musculus (house mouse)","4/200","153/9569",0.397774007558765,0.978887831954293,0.978887831954293,"14683/108099/12294/12289",4
"mmu00534","Metabolism","Glycan biosynthesis and metabolism","mmu00534","Glycosaminoglycan biosynthesis - heparan sulfate / heparin - Mus musculus (house mouse)","1/200","24/9569",0.398033143575475,0.978887831954293,0.978887831954293,"15476",1
"mmu04931","Human Diseases","Endocrine and metabolic disease","mmu04931","Insulin resistance - Mus musculus (house mouse)","3/200","110/9569",0.404983432230867,0.978887831954293,0.978887831954293,"108099/26457/19309",3
"mmu00790","Metabolism","Metabolism of cofactors and vitamins","mmu00790","Folate biosynthesis - Mus musculus (house mouse)","1/200","26/9569",0.422996626541201,0.978887831954293,0.978887831954293,"56738",1
"mmu05031","Human Diseases","Substance dependence","mmu05031","Amphetamine addiction - Mus musculus (house mouse)","2/200","69/9569",0.424747621679801,0.978887831954293,0.978887831954293,"14683/12289",2
"mmu05132","Human Diseases","Infectious disease: bacterial","mmu05132","Salmonella infection - Mus musculus (house mouse)","6/200","252/9569",0.431842930614776,0.978887831954293,0.978887831954293,"228545/24088/12540/18705/234663/17951",6
"mmu05221","Human Diseases","Cancer: specific types","mmu05221","Acute myeloid leukemia - Mus musculus (house mouse)","2/200","70/9569",0.431946025400501,0.978887831954293,0.978887831954293,"17523/110794",2
"mmu00650","Metabolism","Carbohydrate metabolism","mmu00650","Butanoate metabolism - Mus musculus (house mouse)","1/200","27/9569",0.435089330585187,0.978887831954293,0.978887831954293,"15107",1
"mmu04744","Organismal Systems","Sensory system","mmu04744","Phototransduction - Mus musculus (house mouse)","1/200","27/9569",0.435089330585187,0.978887831954293,0.978887831954293,"107477",1
"mmu04934","Human Diseases","Endocrine and metabolic disease","mmu04934","Cushing syndrome - Mus musculus (house mouse)","4/200","162/9569",0.440143252799387,0.978887831954293,0.978887831954293,"14683/22418/12289/14370",4
"mmu04927","Organismal Systems","Endocrine system","mmu04927","Cortisol synthesis and secretion - Mus musculus (house mouse)","2/200","72/9569",0.446197999329554,0.978887831954293,0.978887831954293,"14683/12289",2
"mmu00480","Metabolism","Metabolism of other amino acids","mmu00480","Glutathione metabolism - Mus musculus (house mouse)","2/200","73/9569",0.453249344197356,0.978887831954293,0.978887831954293,"11758/211666",2
"mmu00062","Metabolism","Lipid metabolism","mmu00062","Fatty acid elongation - Mus musculus (house mouse)","1/200","29/9569",0.458523386294234,0.978887831954293,0.978887831954293,"15107",1
"mmu04919","Organismal Systems","Endocrine system","mmu04919","Thyroid hormone signaling pathway - Mus musculus (house mouse)","3/200","120/9569",0.460431380578433,0.978887831954293,0.978887831954293,"18128/18799/72469",3
"mmu00563","Metabolism","Glycan biosynthesis and metabolism","mmu00563","Glycosylphosphatidylinositol (GPI)-anchor biosynthesis - Mus musculus (house mouse)","1/200","30/9569",0.46987509727339,0.978887831954293,0.978887831954293,"56703",1
"mmu04660","Organismal Systems","Immune system","mmu04660","T cell receptor signaling pathway - Mus musculus (house mouse)","3/200","122/9569",0.471266424268364,0.978887831954293,0.978887831954293,"12540/17973/13383",3
"mmu05100","Human Diseases","Infectious disease: bacterial","mmu05100","Bacterial invasion of epithelial cells - Mus musculus (house mouse)","2/200","77/9569",0.480934205688732,0.978887831954293,0.978887831954293,"12540/12488",2
"mmu05133","Human Diseases","Infectious disease: bacterial","mmu05133","Pertussis - Mus musculus (house mouse)","2/200","77/9569",0.480934205688732,0.978887831954293,0.978887831954293,"15900/12268",2
"mmu05144","Human Diseases","Infectious disease: parasitic","mmu05144","Malaria - Mus musculus (house mouse)","2/200","77/9569",0.480934205688732,0.978887831954293,0.978887831954293,"24088/16971",2
"mmu00020","Metabolism","Carbohydrate metabolism","mmu00020","Citrate cycle (TCA cycle) - Mus musculus (house mouse)","1/200","32/9569",0.491872986480342,0.978887831954293,0.978887831954293,"18598",1
"mmu00512","Metabolism","Glycan biosynthesis and metabolism","mmu00512","Mucin type O-glycan biosynthesis - Mus musculus (house mouse)","1/200","32/9569",0.491872986480342,0.978887831954293,0.978887831954293,"271786",1
"mmu03020","Genetic Information Processing","Transcription","mmu03020","RNA polymerase - Mus musculus (house mouse)","1/200","32/9569",0.491872986480342,0.978887831954293,0.978887831954293,"231329",1
"mmu04152","Environmental Information Processing","Signal transduction","mmu04152","AMPK signaling pathway - Mus musculus (house mouse)","3/200","127/9569",0.49791452993562,0.978887831954293,0.978887831954293,"15378/108099/74370",3
"mmu04130","Genetic Information Processing","Folding, sorting and degradation","mmu04130","SNARE interactions in vesicular transport - Mus musculus (house mouse)","1/200","33/9569",0.502528895330497,0.978887831954293,0.978887831954293,"13852",1
"mmu00030","Metabolism","Carbohydrate metabolism","mmu00030","Pentose phosphate pathway - Mus musculus (house mouse)","1/200","34/9569",0.512962433599572,0.978887831954293,0.978887831954293,"75456",1
"mmu01040","Metabolism","Lipid metabolism","mmu01040","Biosynthesis of unsaturated fatty acids - Mus musculus (house mouse)","1/200","34/9569",0.512962433599572,0.978887831954293,0.978887831954293,"20280",1
"mmu01210","Metabolism","Global and overview maps","mmu01210","2-Oxocarboxylic acid metabolism - Mus musculus (house mouse)","1/200","34/9569",0.512962433599572,0.978887831954293,0.978887831954293,"18598",1
"mmu04710","Organismal Systems","Environmental adaptation","mmu04710","Circadian rhythm - Mus musculus (house mouse)","1/200","34/9569",0.512962433599572,0.978887831954293,0.978887831954293,"108099",1
"mmu05203","Human Diseases","Cancer: overview","mmu05203","Viral carcinogenesis - Mus musculus (house mouse)","5/200","228/9569",0.520565921387377,0.978887831954293,0.978887831954293,"12540/12444/109711/83602/13383",5
"mmu03018","Genetic Information Processing","Folding, sorting and degradation","mmu03018","RNA degradation - Mus musculus (house mouse)","2/200","83/9569",0.520813227680114,0.978887831954293,0.978887831954293,"319885/70640",2
"mmu00500","Metabolism","Carbohydrate metabolism","mmu00500","Starch and sucrose metabolism - Mus musculus (house mouse)","1/200","35/9569",0.523178218946199,0.978887831954293,0.978887831954293,"19309",1
"mmu05208","Human Diseases","Cancer: overview","mmu05208","Chemical carcinogenesis - reactive oxygen species - Mus musculus (house mouse)","5/200","229/9569",0.524469572468329,0.978887831954293,0.978887831954293,"12859/211666/66152/76113/12867",5
"mmu01232","Metabolism","Global and overview maps","mmu01232","Nucleotide metabolism - Mus musculus (house mouse)","2/200","84/9569",0.527259388579498,0.978887831954293,0.978887831954293,"22271/22169",2
"mmu04218","Cellular Processes","Cell growth and death","mmu04218","Cellular senescence - Mus musculus (house mouse)","4/200","182/9569",0.530614402888274,0.978887831954293,0.978887831954293,"12334/12444/15574/12289",4
"mmu05340","Human Diseases","Immune disease","mmu05340","Primary immunodeficiency - Mus musculus (house mouse)","1/200","36/9569",0.533180773614834,0.978887831954293,0.978887831954293,"57916",1
"mmu04145","Cellular Processes","Transport and catabolism","mmu04145","Phagosome - Mus musculus (house mouse)","4/200","183/9569",0.534957963849872,0.978887831954293,0.978887831954293,"108664/24088/234663/17523",4
"mmu04820",NA,NA,"mmu04820","Cytoskeleton in muscle cells - Mus musculus (house mouse)","5/200","232/9569",0.536098180559882,0.978887831954293,0.978887831954293,"319480/245026/104099/18810/17886",5
"mmu04210","Cellular Processes","Cell growth and death","mmu04210","Apoptosis - Mus musculus (house mouse)","3/200","135/9569",0.539101626502777,0.978887831954293,0.978887831954293,"12334/19249/13666",3
"mmu04540","Cellular Processes","Cellular community - eukaryotes","mmu04540","Gap junction - Mus musculus (house mouse)","2/200","86/9569",0.539975768271539,0.978887831954293,0.978887831954293,"14683/11554",2
"mmu04726","Organismal Systems","Nervous system","mmu04726","Serotonergic synapse - Mus musculus (house mouse)","3/200","136/9569",0.544114600283338,0.978887831954293,0.978887831954293,"12287/14683/12289",3
"mmu04728","Organismal Systems","Nervous system","mmu04728","Dopaminergic synapse - Mus musculus (house mouse)","3/200","136/9569",0.544114600283338,0.978887831954293,0.978887831954293,"12287/14683/12289",3
"mmu03083","Genetic Information Processing","Chromosome","mmu03083","Polycomb repressive complex - Mus musculus (house mouse)","2/200","87/9569",0.54624526820706,0.978887831954293,0.978887831954293,"353282/319974",2
"mmu05323","Human Diseases","Immune disease","mmu05323","Rheumatoid arthritis - Mus musculus (house mouse)","2/200","87/9569",0.54624526820706,0.978887831954293,0.978887831954293,"108664/24088",2
"mmu00250","Metabolism","Amino acid metabolism","mmu00250","Alanine, aspartate and glutamate metabolism - Mus musculus (house mouse)","1/200","39/9569",0.561952885700947,0.978887831954293,0.978887831954293,"231327",1
"mmu04211","Organismal Systems","Aging","mmu04211","Longevity regulating pathway - Mus musculus (house mouse)","2/200","90/9569",0.564695527792473,0.978887831954293,0.978887831954293,"108099/74370",2
"mmu04936","Human Diseases","Endocrine and metabolic disease","mmu04936","Alcoholic liver disease - Mus musculus (house mouse)","3/200","141/9569",0.568701152476371,0.978887831954293,0.978887831954293,"108099/20462/12268",3
"mmu05033","Human Diseases","Substance dependence","mmu05033","Nicotine addiction - Mus musculus (house mouse)","1/200","40/9569",0.571145899642165,0.978887831954293,0.978887831954293,"12287",1
"mmu05032","Human Diseases","Substance dependence","mmu05032","Morphine addiction - Mus musculus (house mouse)","2/200","92/9569",0.576695006803604,0.978887831954293,0.978887831954293,"12287/14683",2
"mmu04216","Cellular Processes","Cell growth and death","mmu04216","Ferroptosis - Mus musculus (house mouse)","1/200","41/9569",0.580146930188032,0.978887831954293,0.978887831954293,"213053",1
"mmu05219","Human Diseases","Cancer: specific types","mmu05219","Bladder cancer - Mus musculus (house mouse)","1/200","41/9569",0.580146930188032,0.978887831954293,0.978887831954293,"22270",1
"mmu01522","Human Diseases","Drug resistance: antineoplastic","mmu01522","Endocrine resistance - Mus musculus (house mouse)","2/200","93/9569",0.582604070958202,0.978887831954293,0.978887831954293,"18128/14683",2
"mmu05162","Human Diseases","Infectious disease: viral","mmu05162","Measles - Mus musculus (house mouse)","3/200","145/9569",0.587777963798377,0.978887831954293,0.978887831954293,"24088/13666/12444",3
"mmu04666","Organismal Systems","Immune system","mmu04666","Fc gamma R-mediated phagocytosis - Mus musculus (house mouse)","2/200","94/9569",0.588452552754379,0.978887831954293,0.978887831954293,"16331/12540",2
"mmu00514","Metabolism","Glycan biosynthesis and metabolism","mmu00514","Other types of O-glycan biosynthesis - Mus musculus (house mouse)","1/200","43/9569",0.597588916914398,0.978887831954293,0.978887831954293,"271786",1
"mmu00760","Metabolism","Metabolism of cofactors and vitamins","mmu00760","Nicotinate and nicotinamide metabolism - Mus musculus (house mouse)","1/200","43/9569",0.597588916914398,0.978887831954293,0.978887831954293,"75387",1
"mmu04672","Organismal Systems","Immune system","mmu04672","Intestinal immune network for IgA production - Mus musculus (house mouse)","1/200","43/9569",0.597588916914398,0.978887831954293,0.978887831954293,"57916",1
"mmu04975","Organismal Systems","Digestive system","mmu04975","Fat digestion and absorption - Mus musculus (house mouse)","1/200","43/9569",0.597588916914398,0.978887831954293,0.978887831954293,"26457",1
"mmu05418","Human Diseases","Cardiovascular disease","mmu05418","Fluid shear stress and atherosclerosis - Mus musculus (house mouse)","3/200","148/9569",0.601729235650088,0.978887831954293,0.978887831954293,"16177/11480/211666",3
"mmu03022","Genetic Information Processing","Transcription","mmu03022","Basal transcription factors - Mus musculus (house mouse)","1/200","44/9569",0.606037606460599,0.978887831954293,0.978887831954293,"83602",1
"mmu05226","Human Diseases","Cancer: specific types","mmu05226","Gastric cancer - Mus musculus (house mouse)","3/200","150/9569",0.610857341906361,0.978887831954293,0.978887831954293,"14177/22418/14370",3
"mmu05322","Human Diseases","Immune disease","mmu05322","Systemic lupus erythematosus - Mus musculus (house mouse)","3/200","150/9569",0.610857341906361,0.978887831954293,0.978887831954293,"109711/319163/12268",3
"mmu04713","Organismal Systems","Environmental adaptation","mmu04713","Circadian entrainment - Mus musculus (house mouse)","2/200","99/9569",0.616785070880841,0.978887831954293,0.978887831954293,"14683/12289",2
"mmu04723","Organismal Systems","Nervous system","mmu04723","Retrograde endocannabinoid signaling - Mus musculus (house mouse)","3/200","153/9569",0.62428714370969,0.978887831954293,0.978887831954293,"12287/23945/12289",3
"mmu00564","Metabolism","Lipid metabolism","mmu00564","Glycerophospholipid metabolism - Mus musculus (house mouse)","2/200","101/9569",0.627693972712593,0.978887831954293,0.978887831954293,"50767/85031",2
"mmu04120","Genetic Information Processing","Folding, sorting and degradation","mmu04120","Ubiquitin mediated proteolysis - Mus musculus (house mouse)","3/200","154/9569",0.628693250974291,0.978887831954293,0.978887831954293,"76375/218793/17318",3
"mmu00830","Metabolism","Metabolism of cofactors and vitamins","mmu00830","Retinol metabolism - Mus musculus (house mouse)","2/200","102/9569",0.63305787508758,0.978887831954293,0.978887831954293,"13085/216453",2
"mmu05030","Human Diseases","Substance dependence","mmu05030","Cocaine addiction - Mus musculus (house mouse)","1/200","48/9569",0.638103549986304,0.978887831954293,0.978887831954293,"14683",1
"mmu05142","Human Diseases","Infectious disease: parasitic","mmu05142","Chagas disease - Mus musculus (house mouse)","2/200","103/9569",0.638361589954966,0.978887831954293,0.978887831954293,"14683/24088",2
"mmu04110","Cellular Processes","Cell growth and death","mmu04110","Cell cycle - Mus musculus (house mouse)","3/200","157/9569",0.641698622962749,0.978887831954293,0.978887831954293,"12444/67141/320209",3
"mmu00071","Metabolism","Lipid metabolism","mmu00071","Fatty acid degradation - Mus musculus (house mouse)","1/200","52/9569",0.667571522691058,0.978887831954293,0.978887831954293,"15107",1
"mmu05415","Human Diseases","Cardiovascular disease","mmu05415","Diabetic cardiomyopathy - Mus musculus (house mouse)","4/200","217/9569",0.669281902320137,0.978887831954293,0.978887831954293,"12859/18598/66152/12867",4
"mmu05014","Human Diseases","Neurodegenerative disease","mmu05014","Amyotrophic lateral sclerosis - Mus musculus (house mouse)","7/200","375/9569",0.673548848122442,0.978887831954293,0.978887831954293,"12859/13666/330355/75669/66152/69926/12867",7
"mmu04350","Environmental Information Processing","Signal transduction","mmu04350","TGF-beta signaling pathway - Mus musculus (house mouse)","2/200","110/9569",0.673818095596017,0.978887831954293,0.978887831954293,"11480/55994",2
"mmu00510","Metabolism","Glycan biosynthesis and metabolism","mmu00510","N-Glycan biosynthesis - Mus musculus (house mouse)","1/200","54/9569",0.681397416588585,0.978887831954293,0.978887831954293,"57357",1
"mmu00600","Metabolism","Lipid metabolism","mmu00600","Sphingolipid metabolism - Mus musculus (house mouse)","1/200","55/9569",0.688094265425399,0.978887831954293,0.978887831954293,"13244",1
"mmu04725","Organismal Systems","Nervous system","mmu04725","Cholinergic synapse - Mus musculus (house mouse)","2/200","113/9569",0.688132521537237,0.978887831954293,0.978887831954293,"12287/12289",2
"mmu04972","Organismal Systems","Digestive system","mmu04972","Pancreatic secretion - Mus musculus (house mouse)","2/200","115/9569",0.697387493645502,0.978887831954293,0.978887831954293,"14683/11941",2
"mmu00280","Metabolism","Amino acid metabolism","mmu00280","Valine, leucine and isoleucine degradation - Mus musculus (house mouse)","1/200","57/9569",0.701070653765071,0.978887831954293,0.978887831954293,"15107",1
"mmu04022","Environmental Information Processing","Signal transduction","mmu04022","cGMP-PKG signaling pathway - Mus musculus (house mouse)","3/200","172/9569",0.701896233680952,0.978887831954293,0.978887831954293,"11941/12289/11554",3
"mmu04935","Organismal Systems","Endocrine system","mmu04935","Growth hormone synthesis, secretion and action - Mus musculus (house mouse)","2/200","117/9569",0.706415193041335,0.978887831954293,0.978887831954293,"14683/12289",2
"mmu04370","Environmental Information Processing","Signal transduction","mmu04370","VEGF signaling pathway - Mus musculus (house mouse)","1/200","58/9569",0.707355963820473,0.978887831954293,0.978887831954293,"12540",1
"mmu05225","Human Diseases","Cancer: specific types","mmu05225","Hepatocellular carcinoma - Mus musculus (house mouse)","3/200","175/9569",0.712971626644678,0.978887831954293,0.978887831954293,"211666/22418/14370",3
"mmu04730","Organismal Systems","Nervous system","mmu04730","Long-term depression - Mus musculus (house mouse)","1/200","60/9569",0.719534796664385,0.978887831954293,0.978887831954293,"14683",1
"mmu04217","Cellular Processes","Cell growth and death","mmu04217","Necroptosis - Mus musculus (house mouse)","3/200","177/9569",0.720178615041008,0.978887831954293,0.978887831954293,"12334/319163/19309",3
"mmu01200","Metabolism","Global and overview maps","mmu01200","Carbon metabolism - Mus musculus (house mouse)","2/200","122/9569",0.728009268373401,0.978887831954293,0.978887831954293,"18598/75456",2
"mmu05321","Human Diseases","Immune disease","mmu05321","Inflammatory bowel disease - Mus musculus (house mouse)","1/200","62/9569",0.731209217569634,0.978887831954293,0.978887831954293,"24088",1
"mmu00561","Metabolism","Lipid metabolism","mmu00561","Glycerolipid metabolism - Mus musculus (house mouse)","1/200","63/9569",0.736863804346333,0.978887831954293,0.978887831954293,"23945",1
"mmu04330","Environmental Information Processing","Signal transduction","mmu04330","Notch signaling pathway - Mus musculus (house mouse)","1/200","63/9569",0.736863804346333,0.978887831954293,0.978887831954293,"18128",1
"mmu04060","Environmental Information Processing","Signaling molecules and interaction","mmu04060","Cytokine-cytokine receptor interaction - Mus musculus (house mouse)","5/200","294/9569",0.740994413867889,0.978887831954293,0.978887831954293,"16177/11480/57916/94185/12766",5
"mmu00310","Metabolism","Amino acid metabolism","mmu00310","Lysine degradation - Mus musculus (house mouse)","1/200","64/9569",0.742400017173046,0.978887831954293,0.978887831954293,"15107",1
"mmu04913","Organismal Systems","Endocrine system","mmu04913","Ovarian steroidogenesis - Mus musculus (house mouse)","1/200","64/9569",0.742400017173046,0.978887831954293,0.978887831954293,"14683",1
"mmu00970","Genetic Information Processing","Translation","mmu00970","Aminoacyl-tRNA biosynthesis - Mus musculus (house mouse)","1/200","66/9569",0.753127133321803,0.978887831954293,0.978887831954293,"381314",1
"mmu04664","Organismal Systems","Immune system","mmu04664","Fc epsilon RI signaling pathway - Mus musculus (house mouse)","1/200","66/9569",0.753127133321803,0.978887831954293,0.978887831954293,"16331",1
"mmu00010","Metabolism","Carbohydrate metabolism","mmu00010","Glycolysis / Gluconeogenesis - Mus musculus (house mouse)","1/200","67/9569",0.758322816088892,0.978887831954293,0.978887831954293,"18598",1
"mmu04750","Organismal Systems","Sensory system","mmu04750","Inflammatory mediator regulation of TRP channels - Mus musculus (house mouse)","2/200","130/9569",0.759766105267738,0.978887831954293,0.978887831954293,"16177/14683",2
"mmu04926","Organismal Systems","Endocrine system","mmu04926","Relaxin signaling pathway - Mus musculus (house mouse)","2/200","130/9569",0.759766105267738,0.978887831954293,0.978887831954293,"14683/16336",2
"mmu05230","Human Diseases","Cancer: overview","mmu05230","Central carbon metabolism in cancer - Mus musculus (house mouse)","1/200","69/9569",0.768390010356428,0.978887831954293,0.978887831954293,"18598",1
"mmu04062","Organismal Systems","Immune system","mmu04062","Chemokine signaling pathway - Mus musculus (house mouse)","3/200","193/9569",0.77286808783777,0.978887831954293,0.978887831954293,"12540/21844/12766",3
"mmu05140","Human Diseases","Infectious disease: parasitic","mmu05140","Leishmaniasis - Mus musculus (house mouse)","1/200","70/9569",0.773266010138397,0.978887831954293,0.978887831954293,"24088",1
"mmu05211","Human Diseases","Cancer: specific types","mmu05211","Renal cell carcinoma - Mus musculus (house mouse)","1/200","70/9569",0.773266010138397,0.978887831954293,0.978887831954293,"12540",1
"mmu03082","Genetic Information Processing","Chromosome","mmu03082","ATP-dependent chromatin remodeling - Mus musculus (house mouse)","2/200","136/9569",0.781442216515363,0.978887831954293,0.978887831954293,"64050/319163",2
"mmu00982","Metabolism","Xenobiotics biodegradation and metabolism","mmu00982","Drug metabolism - cytochrome P450 - Mus musculus (house mouse)","1/200","72/9569",0.782713688824635,0.978887831954293,0.978887831954293,"211666",1
"mmu04920","Organismal Systems","Endocrine system","mmu04920","Adipocytokine signaling pathway - Mus musculus (house mouse)","1/200","72/9569",0.782713688824635,0.978887831954293,0.978887831954293,"108099",1
"mmu05218","Human Diseases","Cancer: specific types","mmu05218","Melanoma - Mus musculus (house mouse)","1/200","72/9569",0.782713688824635,0.978887831954293,0.978887831954293,"14177",1
"mmu04371","Environmental Information Processing","Signal transduction","mmu04371","Apelin signaling pathway - Mus musculus (house mouse)","2/200","139/9569",0.791626736367151,0.978887831954293,0.978887831954293,"108099/75669",2
"mmu04917","Organismal Systems","Endocrine system","mmu04917","Prolactin signaling pathway - Mus musculus (house mouse)","1/200","74/9569",0.791769582868589,0.978887831954293,0.978887831954293,"12444",1
"mmu04918","Organismal Systems","Endocrine system","mmu04918","Thyroid hormone synthesis - Mus musculus (house mouse)","1/200","74/9569",0.791769582868589,0.978887831954293,0.978887831954293,"14683",1
"mmu04115","Cellular Processes","Cell growth and death","mmu04115","p53 signaling pathway - Mus musculus (house mouse)","1/200","75/9569",0.796155689601215,0.978887831954293,0.978887831954293,"12444",1
"mmu04971","Organismal Systems","Digestive system","mmu04971","Gastric acid secretion - Mus musculus (house mouse)","1/200","75/9569",0.796155689601215,0.978887831954293,0.978887831954293,"14683",1
"mmu05017","Human Diseases","Neurodegenerative disease","mmu05017","Spinocerebellar ataxia - Mus musculus (house mouse)","2/200","141/9569",0.798182927816212,0.978887831954293,0.978887831954293,"22065/75669",2
"mmu00980","Metabolism","Xenobiotics biodegradation and metabolism","mmu00980","Metabolism of xenobiotics by cytochrome P450 - Mus musculus (house mouse)","1/200","76/9569",0.800449860875679,0.978887831954293,0.978887831954293,"211666",1
"mmu05212","Human Diseases","Cancer: specific types","mmu05212","Pancreatic cancer - Mus musculus (house mouse)","1/200","76/9569",0.800449860875679,0.978887831954293,0.978887831954293,"12540",1
"mmu01230","Metabolism","Global and overview maps","mmu01230","Biosynthesis of amino acids - Mus musculus (house mouse)","1/200","79/9569",0.812799739199836,0.978887831954293,0.978887831954293,"75456",1
"mmu04613","Organismal Systems","Immune system","mmu04613","Neutrophil extracellular trap formation - Mus musculus (house mouse)","3/200","209/9569",0.817200890484852,0.978887831954293,0.978887831954293,"24088/17523/319163",3
"mmu01524","Human Diseases","Drug resistance: antineoplastic","mmu01524","Platinum drug resistance - Mus musculus (house mouse)","1/200","81/9569",0.820607423562143,0.978887831954293,0.978887831954293,"211666",1
"mmu04072","Environmental Information Processing","Signal transduction","mmu04072","Phospholipase D signaling pathway - Mus musculus (house mouse)","2/200","149/9569",0.822621563225207,0.978887831954293,0.978887831954293,"56508/14683",2
"mmu01240","Metabolism","Global and overview maps","mmu01240","Biosynthesis of cofactors - Mus musculus (house mouse)","2/200","152/9569",0.831083004491565,0.978887831954293,0.978887831954293,"22169/56738",2
"mmu04012","Environmental Information Processing","Signal transduction","mmu04012","ErbB signaling pathway - Mus musculus (house mouse)","1/200","84/9569",0.831715505725263,0.978887831954293,0.978887831954293,"17973",1
"mmu04662","Organismal Systems","Immune system","mmu04662","B cell receptor signaling pathway - Mus musculus (house mouse)","1/200","84/9569",0.831715505725263,0.978887831954293,0.978887831954293,"16331",1
"mmu05417","Human Diseases","Cardiovascular disease","mmu05417","Lipid and atherosclerosis - Mus musculus (house mouse)","3/200","217/9569",0.836486685960802,0.978887831954293,0.978887831954293,"24088/12540/13666",3
"mmu04146","Cellular Processes","Transport and catabolism","mmu04146","Peroxisome - Mus musculus (house mouse)","1/200","87/9569",0.842138995793806,0.978887831954293,0.978887831954293,"20280",1
"mmu04658","Organismal Systems","Immune system","mmu04658","Th1 and Th2 cell differentiation - Mus musculus (house mouse)","1/200","88/9569",0.845468694258396,0.978887831954293,0.978887831954293,"18128",1
"mmu05235","Human Diseases","Cancer: overview","mmu05235","PD-L1 expression and PD-1 checkpoint pathway in cancer - Mus musculus (house mouse)","1/200","88/9569",0.845468694258396,0.978887831954293,0.978887831954293,"24088",1
"mmu00590","Metabolism","Lipid metabolism","mmu00590","Arachidonic acid metabolism - Mus musculus (house mouse)","1/200","89/9569",0.848728504526123,0.978887831954293,0.978887831954293,"19223",1
"mmu05204","Human Diseases","Cancer: overview","mmu05204","Chemical carcinogenesis - DNA adducts - Mus musculus (house mouse)","1/200","90/9569",0.851919886287175,0.978887831954293,0.978887831954293,"211666",1
"mmu04742","Organismal Systems","Sensory system","mmu04742","Taste transduction - Mus musculus (house mouse)","1/200","92/9569",0.858103051995225,0.978887831954293,0.978887831954293,"387356",1
"mmu04148","Cellular Processes","Transport and catabolism","mmu04148","Efferocytosis - Mus musculus (house mouse)","2/200","163/9569",0.859090435597756,0.978887831954293,0.978887831954293,"228545/16971",2
"mmu04061","Environmental Information Processing","Signaling molecules and interaction","mmu04061","Viral protein interaction with cytokine and cytokine receptor - Mus musculus (house mouse)","1/200","95/9569",0.866899367870953,0.978887831954293,0.978887831954293,"12766",1
"mmu00140","Metabolism","Lipid metabolism","mmu00140","Steroid hormone biosynthesis - Mus musculus (house mouse)","1/200","99/9569",0.877789356820759,0.978887831954293,0.978887831954293,"57357",1
"mmu04137","Cellular Processes","Transport and catabolism","mmu04137","Mitophagy - animal - Mus musculus (house mouse)","1/200","101/9569",0.882897126915505,0.978887831954293,0.978887831954293,"13666",1
"mmu04976","Organismal Systems","Digestive system","mmu04976","Bile secretion - Mus musculus (house mouse)","1/200","101/9569",0.882897126915505,0.978887831954293,0.978887831954293,"14683",1
"mmu04141","Genetic Information Processing","Folding, sorting and degradation","mmu04141","Protein processing in endoplasmic reticulum - Mus musculus (house mouse)","2/200","175/9569",0.884772348296764,0.978887831954293,0.978887831954293,"12334/13666",2
"mmu03015","Genetic Information Processing","Translation","mmu03015","mRNA surveillance pathway - Mus musculus (house mouse)","1/200","104/9569",0.890163190801595,0.978887831954293,0.978887831954293,"56522",1
"mmu04620","Organismal Systems","Immune system","mmu04620","Toll-like receptor signaling pathway - Mus musculus (house mouse)","1/200","104/9569",0.890163190801595,0.978887831954293,0.978887831954293,"24088",1
"mmu04659","Organismal Systems","Immune system","mmu04659","Th17 cell differentiation - Mus musculus (house mouse)","1/200","105/9569",0.892484095380537,0.978887831954293,0.978887831954293,"16177",1
"mmu05166","Human Diseases","Infectious disease: viral","mmu05166","Human T-cell leukemia virus 1 infection - Mus musculus (house mouse)","3/200","247/9569",0.894015657994501,0.978887831954293,0.978887831954293,"16177/12444/13383",3
"mmu05152","Human Diseases","Infectious disease: bacterial","mmu05152","Tuberculosis - Mus musculus (house mouse)","2/200","180/9569",0.894142460731131,0.978887831954293,0.978887831954293,"108664/24088",2
"mmu04064","Environmental Information Processing","Signal transduction","mmu04064","NF-kappa B signaling pathway - Mus musculus (house mouse)","1/200","107/9569",0.896980520318131,0.978887831954293,0.978887831954293,"16177",1
"mmu05145","Human Diseases","Infectious disease: parasitic","mmu05145","Toxoplasmosis - Mus musculus (house mouse)","1/200","109/9569",0.901289801162454,0.978887831954293,0.978887831954293,"24088",1
"mmu05163","Human Diseases","Infectious disease: viral","mmu05163","Human cytomegalovirus infection - Mus musculus (house mouse)","3/200","254/9569",0.904521944816531,0.978887831954293,0.978887831954293,"16177/14683/213498",3
"mmu04066","Environmental Information Processing","Signal transduction","mmu04066","HIF-1 signaling pathway - Mus musculus (house mouse)","1/200","117/9569",0.916805799810476,0.978887831954293,0.978887831954293,"18598",1
"mmu04722","Organismal Systems","Nervous system","mmu04722","Neurotrophin signaling pathway - Mus musculus (house mouse)","1/200","121/9569",0.923627899655013,0.978887831954293,0.978887831954293,"12540",1
"mmu04144","Cellular Processes","Transport and catabolism","mmu04144","Endocytosis - Mus musculus (house mouse)","3/200","270/9569",0.925101013426149,0.978887831954293,0.978887831954293,"12540/70527/72183",3
"mmu04114","Cellular Processes","Cell growth and death","mmu04114","Oocyte meiosis - Mus musculus (house mouse)","1/200","123/9569",0.92682721021651,0.978887831954293,0.978887831954293,"67141",1
"mmu03008","Genetic Information Processing","Translation","mmu03008","Ribosome biogenesis in eukaryotes - Mus musculus (house mouse)","1/200","125/9569",0.929893140272234,0.978887831954293,0.978887831954293,"66932",1
"mmu04071","Environmental Information Processing","Signal transduction","mmu04071","Sphingolipid signaling pathway - Mus musculus (house mouse)","1/200","126/9569",0.931377825992856,0.978887831954293,0.978887831954293,"13244",1
"mmu04611","Organismal Systems","Immune system","mmu04611","Platelet activation - Mus musculus (house mouse)","1/200","126/9569",0.931377825992856,0.978887831954293,0.978887831954293,"14683",1
"mmu05034","Human Diseases","Substance dependence","mmu05034","Alcoholism - Mus musculus (house mouse)","2/200","207/9569",0.93363231012782,0.978887831954293,0.978887831954293,"14683/319163",2
"mmu05150","Human Diseases","Infectious disease: bacterial","mmu05150","Staphylococcus aureus infection - Mus musculus (house mouse)","1/200","128/9569",0.934253989587258,0.978887831954293,0.978887831954293,"12268",1
"mmu05168","Human Diseases","Infectious disease: viral","mmu05168","Herpes simplex virus 1 infection - Mus musculus (house mouse)","2/200","213/9569",0.940283802824446,0.978887831954293,0.978887831954293,"24088/13666",2
"mmu04915","Organismal Systems","Endocrine system","mmu04915","Estrogen signaling pathway - Mus musculus (house mouse)","1/200","134/9569",0.942182368043887,0.978887831954293,0.978887831954293,"14683",1
"mmu04142","Cellular Processes","Transport and catabolism","mmu04142","Lysosome - Mus musculus (house mouse)","1/200","136/9569",0.944607713325544,0.978887831954293,0.978887831954293,"108664",1
"mmu04380","Organismal Systems","Development and regeneration","mmu04380","Osteoclast differentiation - Mus musculus (house mouse)","1/200","136/9569",0.944607713325544,0.978887831954293,0.978887831954293,"16177",1
"mmu05135","Human Diseases","Infectious disease: bacterial","mmu05135","Yersinia infection - Mus musculus (house mouse)","1/200","136/9569",0.944607713325544,0.978887831954293,0.978887831954293,"12540",1
"mmu05169","Human Diseases","Infectious disease: viral","mmu05169","Epstein-Barr virus infection - Mus musculus (house mouse)","2/200","228/9569",0.95426141845208,0.984304788445038,0.984304788445038,"24088/12444",2
"mmu05161","Human Diseases","Infectious disease: viral","mmu05161","Hepatitis B - Mus musculus (house mouse)","1/200","164/9569",0.969627845023887,0.984304788445038,0.984304788445038,"24088",1
"mmu05160","Human Diseases","Infectious disease: viral","mmu05160","Hepatitis C - Mus musculus (house mouse)","1/200","167/9569",0.971524748035226,0.984304788445038,0.984304788445038,"13666",1
"mmu05171","Human Diseases","Infectious disease: viral","mmu05171","Coronavirus disease - COVID-19 - Mus musculus (house mouse)","3/200","334/9569",0.973014564100299,0.984304788445038,0.984304788445038,"24088/14109/12268",3
"mmu04630","Environmental Information Processing","Signal transduction","mmu04630","JAK-STAT signaling pathway - Mus musculus (house mouse)","1/200","171/9569",0.973871800781909,0.984304788445038,0.984304788445038,"12444",1
"mmu03010","Genetic Information Processing","Translation","mmu03010","Ribosome - Mus musculus (house mouse)","2/200","265/9569",0.976644829001886,0.984304788445038,0.984304788445038,"14109/121022",2
"mmu03040","Genetic Information Processing","Transcription","mmu03040","Spliceosome - Mus musculus (house mouse)","2/200","265/9569",0.976644829001886,0.984304788445038,0.984304788445038,"66642/20462",2
"mmu04621","Organismal Systems","Immune system","mmu04621","NOD-like receptor signaling pathway - Mus musculus (house mouse)","1/200","216/9569",0.990098068162573,0.993965638741333,0.993965638741333,"17951",1
"mmu05170","Human Diseases","Infectious disease: viral","mmu05170","Human immunodeficiency virus 1 infection - Mus musculus (house mouse)","1/200","241/9569",0.994235943742873,0.994235943742873,0.994235943742873,"24088",1
